project_name,technology,problem_solved,impact,complexity,date_completed,github_link
RAG-Based Customer Support,OpenAI Embeddings + Pinecone,Reduced support ticket response time by 70%,5000+ tickets/month automated,High,2024-01,https://github.com/xeroxpro/customer-support-rag
Kubernetes Multi-Cluster Management,Terraform + ArgoCD + Crossplane,Unified deployment across 5 production clusters,Zero-downtime deployments achieved,Very High,2024-02,https://github.com/xeroxpro/k8s-multi-cluster
Serverless Event Processing Pipeline,AWS Lambda + Step Functions + SQS,Processing 10TB daily logs cost-efficiently,"$12K/month -> $3K/month cost reduction",High,2024-03,https://github.com/xeroxpro/serverless-pipeline
Real-Time Anomaly Detection,Python + Prometheus + Grafana,Detect production issues before users notice,MTTR reduced from 30min to 5min,Medium,2024-04,https://github.com/xeroxpro/anomaly-detector
GenAI Code Review Assistant,OpenAI GPT-4 + GitHub Actions,Automated PR reviews with context-aware suggestions,Dev team productivity +40%,High,2024-05,https://github.com/xeroxpro/ai-code-reviewer
Multi-Region DR System,Terraform + Route53 + RDS,99.99% uptime guarantee for global platform,Zero unplanned downtime in 6 months,Very High,2024-06,https://github.com/xeroxpro/multi-region-dr
MLOps Pipeline Automation,MLflow + Kubeflow + DVC,End-to-end ML lifecycle management,Model deployment time: 2 weeks -> 2 hours,Very High,2024-07,https://github.com/xeroxpro/mlops-pipeline
Intelligent Document Processing,LangChain + Claude + Unstructured,Extract structured data from PDFs/images,Manual processing eliminated (1000+ docs/day),High,2024-08,https://github.com/xeroxpro/doc-intelligence
Hybrid Search Engine,Elasticsearch + OpenAI Embeddings,Combined keyword + semantic search,Search relevance +45%,Medium,2024-09,https://github.com/xeroxpro/hybrid-search
Cost Optimization Platform,AWS Cost Explorer API + Python,Automated cost analysis and recommendations,"Reduced AWS spend by $18K/month (40%)",Medium,2024-10,https://github.com/xeroxpro/cloud-cost-optimizer
